kod_pocztowy,parkomaty
30-002,4
30-003,12
30-006,1
30-009,9
30-010,3
30-011,9
30-012,2
30-014,4
30-015,5
30-016,1
30-017,3
30-019,7
30-021,1
30-022,1
30-023,2
30-033,6
30-034,2
30-035,5
30-036,1
30-038,1
30-039,2
30-040,4
30-042,1
30-043,3
30-045,3
30-046,3
30-047,7
30-048,3
30-049,6
30-051,2
30-052,7
30-053,3
30-057,2
30-058,9
30-059,4
30-060,5
30-069,4
30-070,2
30-071,1
30-074,6
30-075,1
30-076,1
30-078,3
30-079,9
30-081,3
30-082,2
30-083,1
30-085,1
30-102,4
30-103,2
30-105,3
30-106,5
30-108,4
30-109,2
30-110,5
30-111,3
30-112,3
30-114,5
30-116,2
30-117,6
30-118,3
30-119,4
30-148,1
30-201,3
30-202,1
30-209,10
30-210,2
30-211,1
30-213,2
30-301,3
30-302,1
30-303,2
30-305,6
30-306,3
30-307,5
30-308,1
30-311,1
30-312,6
30-313,1
30-314,3
30-315,3
30-316,5
30-317,1
30-318,6
30-319,2
30-323,1
30-324,3
30-326,2
30-327,1
30-328,2
30-331,2
30-334,5
30-336,1
30-337,2
30-347,2
30-363,6
30-501,3
30-502,2
30-503,5
30-504,6
30-506,2
30-507,3
30-509,1
30-510,4
30-512,5
30-513,3
30-515,2
30-518,2
30-519,5
30-520,1
30-521,1
30-522,2
30-523,5
30-525,4
30-526,1
30-527,6
30-528,4
30-529,8
30-530,1
30-532,2
30-533,1
30-535,10
30-536,2
30-537,1
30-538,4
30-540,2
30-548,3
30-549,4
30-551,2
30-701,4
30-702,1
30-703,5
30-704,4
31-002,3
31-008,1
31-011,1
31-015,1
31-023,1
31-025,1
31-026,3
31-029,4
31-030,2
31-031,1
31-033,3
31-034,2
31-035,3
31-036,6
31-038,6
31-039,2
31-041,1
31-046,2
31-047,3
31-048,4
31-049,3
31-050,4
31-051,3
31-052,9
31-053,2
31-054,1
31-055,5
31-056,7
31-057,6
31-058,1
31-059,2
31-060,8
31-061,6
31-062,2
31-063,1
31-064,4
31-065,5
31-066,6
31-067,5
31-068,4
31-069,8
31-070,3
31-071,3
31-072,5
31-073,2
31-101,2
31-103,1
31-104,2
31-105,2
31-106,2
31-107,5
31-108,7
31-109,3
31-110,2
31-112,1
31-114,4
31-115,6
31-116,5
31-117,3
31-118,1
31-121,3
31-123,6
31-124,3
31-126,4
31-127,3
31-128,6
31-130,2
31-131,5
31-133,3
31-134,2
31-135,4
31-136,3
31-137,3
31-138,2
31-139,6
31-140,1
31-141,5
31-142,4
31-143,2
31-144,4
31-145,1
31-146,6
31-147,5
31-148,5
31-149,1
31-150,6
31-152,3
31-153,7
31-154,2
31-155,8
31-156,3
31-157,4
31-158,3
31-159,1
31-160,2
31-161,2
31-162,3
31-345,1
31-401,2
31-403,3
31-404,1
31-429,2
31-432,2
31-462,2
31-463,3
31-501,6
31-502,2
31-503,7
31-504,2
31-505,4
31-506,4
31-509,2
31-510,5
31-511,3
31-512,4
31-513,2
31-514,8
31-515,4
31-516,3
31-517,3
31-518,2
31-519,4
31-521,4
31-523,6
31-524,5
31-525,9
31-526,3
31-527,1
31-529,3
31-530,4
31-532,7
31-534,7
31-535,2
31-536,2
31-537,6
31-538,2
31-539,2
31-540,3
31-541,3
31-542,10
31-543,10
31-545,2
31-546,1
31-547,6
31-548,8
31-549,2
31-552,2
31-553,7
31-559,12
31-560,3
31-987,1
