okres,od,do,podzial,podstrefa,ulga,stawka_30min,h1,h2,h3,h4,pewnosc
I,2025-01-01,2025-06-01,2024,A,0,2.50,5.00,5.50,6.00,5.00,niepewne
I,2025-01-01,2025-06-01,2024,A,1,2.50,5.00,5.50,6.00,5.00,niepewne
I,2025-01-01,2025-06-01,2024,B,0,2.00,4.00,4.50,5.00,4.00,niepewne
I,2025-01-01,2025-06-01,2024,B,1,2.00,4.00,4.50,5.00,4.00,niepewne
I,2025-01-01,2025-06-01,2024,C,0,2.50,5.00,5.50,6.00,5.00,niepewne
I,2025-01-01,2025-06-01,2024,C,1,2.50,5.00,5.50,6.00,5.00,niepewne
I,2025-01-01,2025-06-01,2024,D,0,2.00,4.00,4.50,5.00,4.00,niepewne
I,2025-01-01,2025-06-01,2024,D,1,2.00,4.00,4.50,5.00,4.00,niepewne
II,2025-06-02,2025-09-30,2025,A,0,3.00,6.00,7.20,8.60,6.00,pewne
II,2025-06-02,2025-09-30,2025,A,1,3.00,6.00,7.20,8.60,6.00,pewne
II,2025-06-02,2025-09-30,2025,B,0,2.50,5.00,6.00,7.20,5.00,pewne
II,2025-06-02,2025-09-30,2025,B,1,2.50,5.00,6.00,7.20,5.00,pewne
II,2025-06-02,2025-09-30,2025,C,0,2.50,5.00,6.00,7.20,5.00,pewne
II,2025-06-02,2025-09-30,2025,C,1,2.50,5.00,6.00,7.20,5.00,pewne
III,2025-10-01,2099-12-31,2025,A,0,3.50,6.90,8.20,9.80,6.90,pewne
III,2025-10-01,2099-12-31,2025,A,1,3.00,6.00,7.20,8.60,6.00,pewne
III,2025-10-01,2099-12-31,2025,B,0,3.00,6.00,7.20,8.60,6.00,pewne
III,2025-10-01,2099-12-31,2025,B,1,2.50,5.00,6.00,7.20,5.00,pewne
III,2025-10-01,2099-12-31,2025,C,0,3.00,6.00,7.20,8.60,6.00,pewne
III,2025-10-01,2099-12-31,2025,C,1,2.50,5.00,6.00,7.20,5.00,pewne
