parkomat,platnosci
1A,60
2A,101
3A,52
4A,25
5A,39
6A,60
7A,56
8A,57
9A,32
10A,99
11A,35
12A,32
13A,1
13B,44
14A,4
14B,115
15A,26
16A,49
17B,45
18B,46
19B,51
20B,31
21B,22
22B,12
23B,3
24B,28
25B,20
26B,56
27B,58
28B,21
29B,40
30B,58
31B,29
32B,36
33B,34
34B,92
35B,61
36B,30
37B,20
38B,27
39B,10
40B,46
41B,2
42A,65
43A,58
44A,13
45A,70
46A,40
47A,28
48A,71
49A,61
50A,62
51A,60
52A,78
53A,56
54A,15
55A,82
56A,69
57A,31
58A,66
59A,68
60A,64
61A,33
62A,109
63A,109
64A,119
65A,52
66A,46
67A,63
68A,113
69A,138
70A,78
71A,78
72A,55
73A,41
74A,50
75A,60
76A,77
77A,84
78A,102
79A,116
80A,128
81A,181
82A,148
83A,93
84A,46
85A,79
86A,50
87A,27
88B,20
89B,20
90B,40
91B,10
92B,78
93B,21
94B,33
95B,17
96B,21
97B,34
98B,20
99B,12
100B,8
101B,8
102B,32
103B,35
104B,36
105B,24
106B,13
107B,30
108B,15
109B,26
110B,29
111B,34
112B,36
113B,77
114B,98
115B,93
116B,230
117A,79
118A,80
119A,41
120A,91
121A,19
122A,21
123A,56
124A,29
125A,117
126A,39
127A,77
128A,101
129A,36
130A,114
131A,44
132A,130
133A,38
134A,100
135A,243
136A,87
137A,86
138A,312
139A,165
140A,88
141C,19
142C,107
143C,5
144C,1
145C,82
146C,307
147A,278
148A,38
149A,163
150A,17
151A,71
152A,62
153A,57
154A,16
155A,129
156A,73
157A,102
158A,11
159A,171
160A,48
161A,106
162A,77
163A,132
164B,39
165B,19
166B,44
167B,19
168B,78
169B,49
170B,20
171B,43
172B,10
173B,10
174B,7
175B,6
176B,18
177B,4
178B,18
179B,25
180B,82
181B,34
182B,82
183B,161
184B,51
185B,33
186B,25
187B,96
188B,39
189B,8
190B,21
191B,22
192B,14
193B,6
194B,5
195B,52
196B,37
197B,46
198B,56
199B,19
200B,19
201A,40
202B,45
203B,83
204B,62
205B,27
206B,45
207A,62
208A,49
209A,56
210A,138
211A,72
212A,42
213A,13
214B,23
215B,17
216B,15
217B,11
218B,7
219B,9
220B,15
221B,4
222B,6
223B,18
224B,35
225B,13
226B,38
227B,2
228B,27
229B,41
230B,27
231B,66
232B,37
233B,12
234B,40
235B,195
236B,126
237B,107
238B,74
239B,104
240B,153
241B,54
242B,44
243B,54
244B,30
245B,35
246A,27
247A,25
248A,55
249A,58
250A,51
251A,40
252A,90
253A,90
254A,75
255A,43
256A,33
257A,37
258A,101
259A,171
260A,131
261A,131
262A,176
263A,209
264A,127
265A,302
266A,187
267A,489
268A,113
269A,26
270A,72
271A,149
272A,91
273B,215
274B,142
275B,116
276B,53
277B,11
278B,25
279B,53
280B,127
281B,27
282B,15
283B,35
284B,148
285B,87
286B,123
287B,147
288B,65
289B,21
290B,40
291B,78
292B,74
293B,67
294A,60
295A,83
296A,130
297A,193
298A,110
299A,112
300A,66
301A,90
302A,35
303A,28
304B,45
305B,67
306B,82
307B,58
308B,124
309B,56
310B,183
311B,250
312,298
313B,159
314B,76
315B,48
316B,55
317B,48
318A,35
319A,15
320A,35
321A,59
322A,46
323A,44
324A,171
325A,103
326A,37
327A,153
328A,181
329A,204
330A,193
331A,463
332A,153
333B,260
334B,245
335B,70
336B,33
337B,229
338B,121
339B,26
340B,185
341B,79
342B,275
343B,77
344B,60
345B,48
346B,68
347B,16
348B,150
349A,166
350A,116
351A,112
352A,62
353A,51
354A,63
355A,177
356A,80
357A,223
358A,256
359A,222
360A,46
361A,56
362A,82
363A,42
364A,27
365A,131
366A,79
367A,70
368B,146
369B,58
370B,72
371B,9
372B,55
373B,25
374B,36
375B,16
376B,20
377B,17
378B,19
379B,134
380B,205
381B,60
382B,92
383B,34
384B,179
385B,89
386B,95
387A,47
388A,109
389A,103
390A,107
391A,128
392A,146
393A,118
394A,108
395B,24
396A,85
397A,154
398A,125
399A,182
400A,104
401A,160
402A,88
403B,88
404B,95
405B,52
406B,69
407B,12
408B,12
409B,28
410B,52
411B,16
412B,36
413B,71
414B,59
415B,51
416B,156
417B,60
418B,30
419B,83
420B,90
421B,69
422B,21
423B,99
424B,172
425B,67
426B,47
427B,42
428B,6
429B,9
430B,73
431B,52
432B,46
433B,9
434B,42
435B,32
436B,51
437B,72
438B,197
439D,85
440D,84
441,6
442,8
443,18
444,5
445,7
446,12
447,27
448,23
449,12
450,32
451,120
452,119
453,8
454,21
455,14
456,19
457,24
458,6
459,20
460,71
461,36
462,24
463,120
464,143
465,76
466,15
467,76
468,60
469,39
470,29
471,32
472,39
473,53
474,53
475,12
476,13
477,59
478,126
479,43
480,92
481,28
482,27
483,6
484,22
485,30
486,37
487,54
488,33
489,39
490,44
491,11
492,50
493,39
494,30
495,76
496,31
497,54
498,16
499,25
500,57
501,20
502,61
503,15
504,4
505,10
506,9
507,15
508,10
509,17
510,89
511,90
512,13
513,50
514,68
515,9
516,22
517,37
518,111
519,29
520,10
521,20
522,59
523,65
524,29
525,2
526,14
527,16
528,73
529,20
530,5
531,7
532,91
533,11
534,16
535,28
536,4
537,7
538,42
539,102
540,10
541,27
542,50
543,40
544,6
545,4
546,16
547,10
548,22
549,8
550,16
551,71
552,59
553,4
554,49
555,36
556,37
557,29
558,8
559,10
560,36
561,63
562,41
563,20
564,61
565,25
566,20
567,62
568,40
569,17
570,8
571,44
572,17
573,37
574,33
575,17
576,13
577,15
578,21
579,10
580,54
581,92
582,56
583,1
585,1
586,5
587,1
589,58
590,216
591,43
592,11
593,40
594,57
595,87
596,156
597,40
598,10
599,9
600,18
601,24
602,74
603,45
604,27
605,6
606,15
607,8
608,92
609,8
610,3
611,27
612,11
613,9
614,27
615,10
616,7
617,3
