numer,px_x,px_y,powod
1A,2297,763,brak_ocr
4A,3487,860,korekta_ocr
5A,3242,841,korekta_ocr
6A,3180,670,korekta_ocr
7A,2885,972,brak_ocr
8A,2858,796,brak_ocr
9A,2505,884,korekta_ocr
12A,1908,1282,korekta_ocr
13B,1365,1386,korekta_ocr
14B,1198,1486,korekta_ocr
19B,521,1844,korekta_ocr
20B,594,1846,korekta_ocr
23B,250,2169,brak_ocr
24B,283,2180,brak_ocr
26B,309,2361,korekta_ocr
28B,660,2293,brak_ocr
29B,805,2046,korekta_ocr
30B,762,1882,korekta_ocr
31B,928,2152,brak_ocr
32B,1146,2079,korekta_ocr
33B,1032,1989,korekta_ocr
34B,1104,1846,korekta_ocr
36B,1206,1698,korekta_ocr
37B,1244,1929,brak_ocr
38B,1276,1944,brak_ocr
39B,1366,1801,brak_ocr
43A,1633,1564,korekta_ocr
50A,2064,1928,brak_ocr
51A,2082,2028,korekta_ocr
52A,2200,1512,korekta_ocr
53A,2180,1382,korekta_ocr
55A,2454,1626,korekta_ocr
56A,2787,1572,korekta_ocr
57A,2952,1410,korekta_ocr
58A,2926,1238,korekta_ocr
59A,3114,1520,korekta_ocr
60A,3392,1474,korekta_ocr
61A,3563,1553,korekta_ocr
63A,3939,1385,korekta_ocr
64A,4158,1351,korekta_ocr
65A,4329,1327,korekta_ocr
67A,4531,1524,brak_ocr
68A,4554,1686,brak_ocr
69A,4241,1817,korekta_ocr
73A,3802,1890,korekta_ocr
74A,3406,1953,korekta_ocr
75A,3252,1980,korekta_ocr
76A,3028,1892,korekta_ocr
77A,2990,1658,brak_ocr
78A,2936,2032,brak_ocr
79A,2814,2050,korekta_ocr
80A,2537,2091,korekta_ocr
81A,2330,1910,korekta_ocr
83A,2196,2152,korekta_ocr
84A,1980,2186,korekta_ocr
85A,1846,2212,korekta_ocr
87A,1689,2110,korekta_ocr
88B,1562,2261,brak_ocr
89B,1415,2255,brak_ocr
90B,1309,2196,brak_ocr
91B,1266,2144,brak_ocr
92B,1156,2335,brak_ocr
93B,1070,2198,brak_ocr
94B,981,2364,korekta_ocr
95B,852,2263,korekta_ocr
96B,737,2470,brak_ocr
97B,603,2401,korekta_ocr
98B,443,2589,brak_ocr
99B,490,2607,korekta_ocr
100B,345,2569,brak_ocr
101B,312,2567,brak_ocr
103B,383,2803,korekta_ocr
105B,640,2624,korekta_ocr
106B,665,2762,korekta_ocr
108B,856,2465,brak_ocr
112B,1148,2701,brak_ocr
118A,1755,2363,brak_ocr
121A,2338,2383,korekta_ocr
122A,2392,2365,kropka_niewykryta
132A,4326,2269,korekta_ocr
143C,4266,2883,korekta_ocr
145C,5012,2773,brak_ocr
146C,4985,2771,brak_ocr
155A,2447,2817,korekta_ocr
158A,2220,2941,korekta_ocr
165B,1570,3098,brak_ocr
166B,1448,3039,brak_ocr
169B,1193,2952,korekta_ocr
172B,1096,3174,brak_ocr
173B,982,3083,brak_ocr
174B,953,2920,brak_ocr
175B,944,3025,brak_ocr
176B,857,3210,brak_ocr
177B,698,3153,brak_ocr
179B,603,3252,brak_ocr
180B,434,3144,brak_ocr
181B,442,3412,korekta_ocr
182B,475,3424,brak_ocr
184B,532,3804,brak_ocr
185B,503,3809,brak_ocr
186B,821,3729,brak_ocr
194B,1049,3525,brak_ocr
195B,1078,3729,korekta_ocr
196B,1210,3895,brak_ocr
198B,1223,3335,brak_ocr
199B,1272,3490,korekta_ocr
200B,1433,3860,korekta_ocr
201A,1977,3854,brak_ocr
202B,1510,3646,korekta_ocr
204B,1489,3307,korekta_ocr
205B,1534,3598,brak_ocr
206B,1706,3790,korekta_ocr
208A,1864,3245,korekta_ocr
210A,1939,3580,korekta_ocr
216B,1592,3942,brak_ocr
221B,1275,4293,brak_ocr
223B,1098,4003,brak_ocr
225B,1049,4436,brak_ocr
226B,1036,4404,brak_ocr
227B,908,4343,korekta_ocr
233B,911,4774,korekta_ocr
234B,955,4703,brak_ocr
235B,1122,4763,brak_ocr
238B,1328,4578,brak_ocr
239B,1377,4345,brak_ocr
243B,1647,4230,brak_ocr
244B,1830,4316,brak_ocr
247A,2014,4084,brak_ocr
248A,2126,4167,korekta_ocr
250A,2289,4053,korekta_ocr
251A,2405,4155,korekta_ocr
252A,2354,3840,korekta_ocr
253A,2298,3506,korekta_ocr
254A,2276,3351,korekta_ocr
255A,2233,3236,korekta_ocr
256A,2243,3137,korekta_ocr
257A,2495,3579,korekta_ocr
258A,2461,3366,korekta_ocr
265A,3380,3558,korekta_ocr
267A,3394,3623,korekta_ocr
270A,3474,3358,korekta_ocr
271A,3436,3128,korekta_ocr
272A,3277,3019,kropka_niewykryta
273B,3670,3465,brak_ocr
274B,3702,3502,brak_ocr
275B,3869,3477,brak_ocr
282B,4912,3815,brak_ocr
283B,4777,4016,brak_ocr
287B,4435,4071,brak_ocr
288B,4165,3748,brak_ocr
289B,4151,4116,brak_ocr
291B,4236,4294,korekta_ocr
293B,3787,4172,korekta_ocr
295A,3214,4258,korekta_ocr
300A,2299,4404,korekta_ocr
301A,2176,4421,korekta_ocr
302A,2050,4315,brak_ocr
303A,2028,4324,brak_ocr
304B,1942,4454,korekta_ocr
306B,1713,4768,brak_ocr
307B,1735,4898,brak_ocr
308B,1637,4662,brak_ocr
311B,1415,5178,brak_ocr
312B,1258,5072,brak_ocr
313B,1325,5201,brak_ocr
323A,2466,4557,korekta_ocr
325A,2683,4795,korekta_ocr
329A,3374,4841,korekta_ocr
334B,4149,4742,brak_ocr
335B,4295,4812,brak_ocr
336B,4770,4744,korekta_ocr
337B,4699,4429,brak_ocr
338B,4666,4218,brak_ocr
339B,4696,4214,brak_ocr
340B,4721,4403,brak_ocr
341B,4793,4601,brak_ocr
344B,4938,4188,brak_ocr
345B,4467,5066,brak_ocr
348B,4079,5536,brak_ocr
350A,3336,5660,korekta_ocr
352A,3202,5333,korekta_ocr
355A,3173,5422,korekta_ocr
356A,3083,5694,korekta_ocr
360A,2570,5174,korekta_ocr
363A,2477,5821,korekta_ocr
365A,2240,5499,korekta_ocr
366A,2217,5540,korekta_ocr
369B,2103,5856,brak_ocr
376B,1386,6713,brak_ocr
380B,1703,6851,korekta_ocr
381B,2010,6655,brak_ocr
382B,2442,6789,brak_ocr
385B,2822,6796,brak_ocr
386B,2766,6660,brak_ocr
389A,2671,6064,korekta_ocr
392A,2947,5952,korekta_ocr
394A,3010,6290,korekta_ocr
395B,3020,6558,brak_ocr
399A,3342,6190,korekta_ocr
405B,3406,6904,brak_ocr
406B,3445,6858,brak_ocr
408B,2975,7141,brak_ocr
420B,2949,7636,brak_ocr
422B,2816,8129,brak_ocr
423B,2613,8162,korekta_ocr
425B,3577,7994,brak_ocr
426B,3616,8244,korekta_ocr
429B,3764,8498,brak_ocr
430B,3784,8656,brak_ocr
432B,3740,8730,brak_ocr
433B,3904,8785,brak_ocr
434B,3940,8773,brak_ocr
435B,3872,8861,brak_ocr
436B,3796,8907,korekta_ocr
438B,4062,9230,brak_ocr
439D,631,304,brak_ocr
